entropy,epoch,eval_entropy,eval_logits/chosen,eval_logits/rejected,eval_logps/chosen,eval_logps/rejected,eval_loss,eval_mean_token_accuracy,eval_num_tokens,eval_rewards/accuracies,eval_rewards/chosen,eval_rewards/margins,eval_rewards/rejected,eval_runtime,eval_samples_per_second,eval_steps_per_second,experiment,grad_norm,learning_rate,logits/chosen,logits/rejected,logps/chosen,logps/rejected,loss,mean_token_accuracy,num_tokens,rewards/accuracies,rewards/chosen,rewards/margins,rewards/rejected,step,validation_concept_accuracy,validation_contract_correct,validation_factor_correct,validation_factor_precision,validation_factor_recall,validation_grounding_correct,validation_grounding_total,validation_json_correct,validation_role_accuracy,validation_subtype_accuracy
0.712983250617981,0.08333333333333333,,,,,,,,,,,,,,,,sft_1,4.973689556121826,0.0,,,,,0.8802,0.8907563090324402,6858.0,,,,,1,,,,,,,,,,
0.7245728969573975,0.16666666666666666,,,,,,,,,,,,,,,,sft_1,30.33615493774414,5e-05,,,,,5.0706,0.5,13604.0,,,,,2,,,,,,,,,,
,0.16666666666666666,0.7138962348302206,,,,,0.7828540205955505,0.908590038617452,13604.0,,,,,10.2347,0.293,0.293,sft_1,,,,,,,,,,,,,,2,,,,,,,,,,
0.7162468433380127,0.25,,,,,,,,,,,,,,,,sft_1,2.9925718307495117,4.545454545454546e-05,,,,,0.78,0.9166666865348816,20465.0,,,,,3,,,,,,,,,,
0.7180188298225403,0.3333333333333333,,,,,,,,,,,,,,,,sft_1,4.0904316902160645,4.0909090909090915e-05,,,,,0.7799,0.8861788511276245,27327.0,,,,,4,,,,,,,,,,
,0.3333333333333333,0.7200888792673746,,,,,0.6754700541496277,0.9059445460637411,27327.0,,,,,10.1762,0.295,0.295,sft_1,,,,,,,,,,,,,,4,,,,,,,,,,
0.7240413427352905,0.4166666666666667,,,,,,,,,,,,,,,,sft_1,3.820268154144287,3.6363636363636364e-05,,,,,0.6692,0.8999999761581421,34171.0,,,,,5,,,,,,,,,,
0.7250227332115173,0.5,,,,,,,,,,,,,,,,sft_1,3.2226624488830566,3.181818181818182e-05,,,,,0.5556,0.9172932505607605,41047.0,,,,,6,,,,,,,,,,
,0.5,0.7283907930056254,,,,,0.5375718474388123,0.9138084650039673,41047.0,,,,,10.1835,0.295,0.295,sft_1,,,,,,,,,,,,,,6,,,,,,,,,,
0.731040358543396,0.5833333333333334,,,,,,,,,,,,,,,,sft_1,2.8173274993896484,2.7272727272727273e-05,,,,,0.5452,0.925000011920929,6860.0,,,,,7,,,,,,,,,,
0.7367272973060608,0.6666666666666666,,,,,,,,,,,,,,,,sft_1,4.399191856384277,2.272727272727273e-05,,,,,0.7092,0.8888888955116272,13697.0,,,,,8,,,,,,,,,,
,0.6666666666666666,0.7399067481358846,,,,,0.41867557168006897,0.9218302965164185,13697.0,,,,,10.1835,0.295,0.295,sft_1,,,,,,,,,,,,,,8,,,,,,,,,,
0.7385661602020264,0.75,,,,,,,,,,,,,,,,sft_1,2.450080394744873,1.8181818181818182e-05,,,,,0.3613,0.9347826242446899,20580.0,,,,,9,,,,,,,,,,
0.743600070476532,0.8333333333333334,,,,,,,,,,,,,,,,sft_1,2.192628860473633,1.3636363636363637e-05,,,,,0.3065,0.9253731369972229,27456.0,,,,,10,,,,,,,,,,
,0.8333333333333334,0.7451695005098978,,,,,0.3470859229564667,0.9190994699796041,27456.0,,,,,10.1916,0.294,0.294,sft_1,,,,,,,,,,,,,,10,,,,,,,,,,
0.7452524900436401,0.9166666666666666,,,,,,,,,,,,,,,,sft_1,2.3782191276550293,9.090909090909091e-06,,,,,0.2507,0.9270073175430298,34337.0,,,,,11,,,,,,,,,,
0.7600774765014648,1.0,,,,,,,,,,,,,,,,sft_1,12.450087547302246,4.5454545454545455e-06,,,,,1.6742,0.6666666865348816,41087.0,,,,,12,,,,,,,,,,
,1.0,0.7486470739046732,,,,,0.3189069330692291,0.9244758089383444,41087.0,,,,,10.1995,0.294,0.294,sft_1,,,,,,,,,,,,,,12,,,,,,,,,,
0.712983250617981,0.08333333333333333,,,,,,,,,,,,,,,,sft_2,4.972805976867676,0.0,,,,,0.8802,0.8907563090324402,6858.0,,,,,1,,,,,,,,,,
0.7245728969573975,0.16666666666666666,,,,,,,,,,,,,,,,sft_2,30.33824348449707,0.0001,,,,,5.0706,0.5,13604.0,,,,,2,,,,,,,,,,
,0.16666666666666666,0.7165252367655436,,,,,0.7448826432228088,0.9061024785041809,13604.0,,,,,10.1598,0.295,0.295,sft_2,,,,,,,,,,,,,,2,,,,,,,,,,
0.7188417911529541,0.25,,,,,,,,,,,,,,,,sft_2,2.9224627017974854,9.090909090909092e-05,,,,,0.7273,0.9166666865348816,20465.0,,,,,3,,,,,,,,,,
0.7283532619476318,0.3333333333333333,,,,,,,,,,,,,,,,sft_2,3.4724843502044678,8.181818181818183e-05,,,,,0.6083,0.8780487775802612,27327.0,,,,,4,,,,,,,,,,
,0.3333333333333333,0.7394647200902303,,,,,0.4667292833328247,0.9140090743700663,27327.0,,,,,10.1736,0.295,0.295,sft_2,,,,,,,,,,,,,,4,,,,,,,,,,
0.7428942322731018,0.4166666666666667,,,,,,,,,,,,,,,,sft_2,2.576909065246582,7.272727272727273e-05,,,,,0.4074,0.918181836605072,34171.0,,,,,5,,,,,,,,,,
0.7533732056617737,0.5,,,,,,,,,,,,,,,,sft_2,1.837490439414978,6.363636363636364e-05,,,,,0.2283,0.932330846786499,41047.0,,,,,6,,,,,,,,,,
,0.5,0.7688408096631368,,,,,0.24486036598682404,0.9426058332125345,41047.0,,,,,10.1624,0.295,0.295,sft_2,,,,,,,,,,,,,,6,,,,,,,,,,
0.712983250617981,0.08333333333333333,,,,,,,,,,,,,,,,sft_3,4.973343372344971,0.0,,,,,0.8802,0.8907563090324402,6858.0,,,,,1,,,,,,,,,,
0.7245728969573975,0.16666666666666666,,,,,,,,,,,,,,,,sft_3,30.338491439819336,0.0002,,,,,5.0706,0.5,13604.0,,,,,2,,,,,,,,,,
,0.16666666666666666,0.724526842435201,,,,,0.6719257235527039,0.90345698595047,13604.0,,,,,10.1454,0.296,0.296,sft_3,,,,,,,,,,,,,,2,,,,,,,,,,
0.7265491485595703,0.25,,,,,,,,,,,,,,,,sft_3,3.039097547531128,0.00018181818181818183,,,,,0.6535,0.9166666865348816,20465.0,,,,,3,,,,,,,,,,
0.7560965418815613,0.3333333333333333,,,,,,,,,,,,,,,,sft_3,1.9242876768112183,0.00016363636363636366,,,,,0.3743,0.9186992049217224,27327.0,,,,,4,,,,,,,,,,
,0.3333333333333333,0.7914571166038513,,,,,0.2352471798658371,0.9372721513112386,27327.0,,,,,10.1416,0.296,0.296,sft_3,,,,,,,,,,,,,,4,,,,,,,,,,
0.7959675788879395,0.4166666666666667,,,,,,,,,,,,,,,,sft_3,1.0204277038574219,0.00014545454545454546,,,,,0.1771,0.9454545378684998,34171.0,,,,,5,,,,,,,,,,
0.8254075646400452,0.5,,,,,,,,,,,,,,,,sft_3,0.7211083173751831,0.00012727272727272728,,,,,0.0775,0.969924807548523,41047.0,,,,,6,,,,,,,,,,
,0.5,0.8472464680671692,,,,,0.08885913342237473,0.9792244633038839,41047.0,,,,,10.1641,0.295,0.295,sft_3,,,,,,,,,,,,,,6,,,,,,,,,,
,0.012195121951219513,,,,,,,,,,,,,,,,dpo_1,14.339235305786133,0.0,-4.3179121017456055,-3.9844024181365967,-89.24160766601562,-128.266357421875,0.6931,,,0.0,0.0,0.0,0.0,1,,,,,,,,,,
,0.024390243902439025,,,,,,,,,,,,,,,,dpo_1,17.41929054260254,5e-06,-4.334720611572266,-0.8350207209587097,-90.45736694335938,-28.91315460205078,0.6931,,,0.0,0.0,0.0,0.0,2,,,,,,,,,,
,0.024390243902439025,,-4.280233383178711,-3.6619322299957275,-100.12068939208984,-109.8851547241211,0.6733677983283997,,,0.5,0.05236612632870674,0.041558776050806046,0.010807354934513569,98.4832,0.061,0.061,dpo_1,,,,,,,,,,,,,,2,,,,,,,,,,
,0.036585365853658534,,,,,,,,,,,,,,,,dpo_1,9.814690589904785,4.000000000000001e-06,-4.088900089263916,-3.8566582202911377,-96.91758728027344,-124.5887451171875,0.642,,,1.0,0.08705826103687286,0.10499649494886398,-0.01793823204934597,3,,,,,,,,,,
,0.04878048780487805,,,,,,,,,,,,,,,,dpo_1,8.691421508789062,3e-06,-4.300430774688721,-4.098402500152588,-94.47950744628906,-118.47808837890625,0.6718,,,1.0,0.032880403101444244,0.043231964111328125,-0.01035156287252903,4,,,,,,,,,,
,0.04878048780487805,,-4.281814098358154,-3.667146682739258,-100.08834838867188,-110.44332122802734,0.6447240710258484,,,0.8333333134651184,0.05559984967112541,0.10060977935791016,-0.045009929686784744,97.801,0.061,0.061,dpo_1,,,,,,,,,,,,,,4,,,,,,,,,,
,0.06097560975609756,,,,,,,,,,,,,,,,dpo_1,8.117569923400879,2.0000000000000003e-06,-4.312176704406738,-4.174454689025879,-93.39955139160156,-132.0428466796875,0.6984,,,0.0,0.09337158501148224,-0.01038513332605362,0.10375671833753586,5,,,,,,,,,,
,0.07317073170731707,,,,,,,,,,,,,,,,dpo_1,8.799874305725098,1.0000000000000002e-06,-4.341682434082031,-4.307231426239014,-93.19810485839844,-118.76676940917969,0.7031,,,0.0,-0.027519989758729935,-0.01984710805118084,-0.0076728821732103825,6,,,,,,,,,,
,0.07317073170731707,,-4.282448768615723,-3.6689822673797607,-99.74734497070312,-110.23379516601562,0.638615608215332,,,0.8333333134651184,0.08970019221305847,0.1137571930885315,-0.02405700646340847,97.8835,0.061,0.061,dpo_1,,,,,,,,,,,,,,6,,,,,,,,,,
,0.012195121951219513,,,,,,,,,,,,,,,,dpo_2,7.178951263427734,0.0,-4.3179121017456055,-3.9844024181365967,-89.24160766601562,-128.266357421875,0.6931,,,0.0,0.0,0.0,0.0,1,,,,,,,,,,
,0.024390243902439025,,,,,,,,,,,,,,,,dpo_2,8.709689140319824,5e-06,-4.334720611572266,-0.8350207209587097,-90.45736694335938,-28.91315460205078,0.6931,,,0.0,0.0,0.0,0.0,2,,,,,,,,,,
,0.024390243902439025,,-4.280233383178711,-3.672517776489258,-99.95024871826172,-110.19915771484375,0.6713941693305969,,,0.6666666865348816,0.03470490500330925,0.04500159993767738,-0.010296694003045559,98.4021,0.061,0.061,dpo_2,,,,,,,,,,,,,,2,,,,,,,,,,
,0.036585365853658534,,,,,,,,,,,,,,,,dpo_2,4.892514705657959,4.000000000000001e-06,-4.105904579162598,-3.86932373046875,-97.21473693847656,-124.23475646972656,0.6832,,,1.0,0.028671646490693092,0.019941329956054688,0.008730316534638405,3,,,,,,,,,,
,0.04878048780487805,,,,,,,,,,,,,,,,dpo_2,4.457437515258789,3e-06,-4.293662071228027,-4.090556621551514,-93.13677978515625,-118.65660858154297,0.6455,,,1.0,0.08357658237218857,0.09767837077379227,-0.014101791195571423,4,,,,,,,,,,
,0.04878048780487805,,-4.283356189727783,-3.6770126819610596,-100.20730590820312,-109.86202239990234,0.6861830353736877,,,0.6666666865348816,0.021851921454072,0.015291661024093628,0.006560262758284807,97.663,0.061,0.061,dpo_2,,,,,,,,,,,,,,4,,,,,,,,,,
,0.06097560975609756,,,,,,,,,,,,,,,,dpo_2,4.066957473754883,2.0000000000000003e-06,-4.303608417510986,-4.1651082038879395,-94.81592559814453,-132.2181396484375,0.7273,,,0.0,-0.024132920429110527,-0.06724663078784943,0.04311370849609375,5,,,,,,,,,,
,0.07317073170731707,,,,,,,,,,,,,,,,dpo_2,4.416558265686035,1.0000000000000002e-06,-4.358087062835693,-4.316553115844727,-92.97392272949219,-117.87843322753906,0.7149,,,0.0,-0.0025508881080895662,-0.043131258338689804,0.04058036953210831,6,,,,,,,,,,
,0.07317073170731707,,-4.291435241699219,-3.6856422424316406,-100.24494171142578,-110.22918701171875,0.677705705165863,,,0.6666666865348816,0.019970132037997246,0.03176787868142128,-0.01179774571210146,97.7009,0.061,0.061,dpo_2,,,,,,,,,,,,,,6,,,,,,,,,,
,0.012195121951219513,,,,,,,,,,,,,,,,dpo_3,14.348050117492676,0.0,-4.3179121017456055,-3.9844024181365967,-89.24160766601562,-128.266357421875,0.6931,,,0.0,0.0,0.0,0.0,1,,,,,,,,,,
,0.024390243902439025,,,,,,,,,,,,,,,,dpo_3,17.462566375732422,1e-05,-4.334720611572266,-0.8350207209587097,-90.45736694335938,-28.91315460205078,0.6931,,,0.0,0.0,0.0,0.0,2,,,,,,,,,,
,0.024390243902439025,,-4.286738872528076,-3.683441400527954,-100.01534271240234,-109.4913101196289,0.6892933249473572,,,0.6666666865348816,0.06290105730295181,0.012710951268672943,0.05019010230898857,98.5609,0.061,0.061,dpo_3,,,,,,,,,,,,,,2,,,,,,,,,,
,0.036585365853658534,,,,,,,,,,,,,,,,dpo_3,8.907454490661621,8.000000000000001e-06,-4.0917229652404785,-3.8660717010498047,-97.01699829101562,-124.59501647949219,0.6464,,,1.0,0.07711715996265411,0.0956825315952301,-0.01856536976993084,3,,,,,,,,,,
,0.04878048780487805,,,,,,,,,,,,,,,,dpo_3,9.108463287353516,6e-06,-4.310367107391357,-4.109058380126953,-92.88641357421875,-117.05480194091797,0.6635,,,1.0,0.1921897977590561,0.060212716460227966,0.13197708129882812,4,,,,,,,,,,
,0.04878048780487805,,-4.284181118011475,-3.6830990314483643,-99.24343872070312,-109.29168701171875,0.6609341502189636,,,0.6666666865348816,0.14009056985378265,0.0699361190199852,0.07015445083379745,97.8934,0.061,0.061,dpo_3,,,,,,,,,,,,,,4,,,,,,,,,,
,0.06097560975609756,,,,,,,,,,,,,,,,dpo_3,7.893857002258301,4.000000000000001e-06,-4.303766250610352,-4.171542167663574,-93.17726135253906,-131.80926513671875,0.6989,,,0.0,0.1156005859375,-0.011514291167259216,0.12711487710475922,5,,,,,,,,,,
,0.07317073170731707,,,,,,,,,,,,,,,,dpo_3,9.012490272521973,2.0000000000000003e-06,-4.345613479614258,-4.308559894561768,-92.22777557373047,-117.41973114013672,0.7223,,,0.0,0.06951294094324112,-0.05751801282167435,0.12703095376491547,6,,,,,,,,,,
,0.07317073170731707,,-4.285777568817139,-3.68237566947937,-98.91072845458984,-109.27550506591797,0.6440629959106445,,,1.0,0.17336337268352509,0.10159123688936234,0.07177213579416275,97.6922,0.061,0.061,dpo_3,,,,,,,,,,,,,,6,,,,,,,,,,
,,,,,,,,,,,,,,,,,dpo_1,,,,,,,,,,,,,,2,0.3333,1,1,1.0,0.4286,1,3,3,0.3333,0.3333
,,,,,,,,,,,,,,,,,dpo_1,,,,,,,,,,,,,,4,0.0,0,0,0.0,0.0,0,3,3,0.0,0.0
,,,,,,,,,,,,,,,,,dpo_1,,,,,,,,,,,,,,6,0.0,0,0,0.0,0.0,0,3,3,0.0,0.0
,,,,,,,,,,,,,,,,,dpo_2,,,,,,,,,,,,,,2,0.0,0,0,0.0,0.0,0,3,3,0.0,0.0
,,,,,,,,,,,,,,,,,dpo_2,,,,,,,,,,,,,,4,0.0,0,0,0.0,0.0,0,3,3,0.0,0.0
,,,,,,,,,,,,,,,,,dpo_2,,,,,,,,,,,,,,6,0.0,0,0,0.0,0.0,0,3,3,0.0,0.0
,,,,,,,,,,,,,,,,,dpo_3,,,,,,,,,,,,,,2,0.0,0,0,0.0,0.0,0,3,3,0.0,0.0
,,,,,,,,,,,,,,,,,dpo_3,,,,,,,,,,,,,,4,0.0,0,0,0.0,0.0,0,3,3,0.0,0.0
,,,,,,,,,,,,,,,,,dpo_3,,,,,,,,,,,,,,6,0.3333,1,1,1.0,0.4286,1,3,3,0.3333,0.3333
,,,,,,,,,,,,,,,,,sft_1,,,,,,,,,,,,,,12,0.0,0,0,0.0,0.0,0,3,3,0.0,0.0
,,,,,,,,,,,,,,,,,sft_1,,,,,,,,,,,,,,2,0.3333,1,1,1.0,0.4286,1,3,3,0.3333,0.3333
,,,,,,,,,,,,,,,,,sft_1,,,,,,,,,,,,,,4,0.0,0,0,0.0,0.0,0,3,3,0.0,0.0
,,,,,,,,,,,,,,,,,sft_1,,,,,,,,,,,,,,6,0.0,0,0,0.0,0.0,0,3,3,0.0,0.0
,,,,,,,,,,,,,,,,,sft_1,,,,,,,,,,,,,,8,0.0,0,0,0.0,0.0,0,3,3,0.0,0.0
,,,,,,,,,,,,,,,,,sft_2,,,,,,,,,,,,,,2,0.0,0,0,0.0,0.0,0,3,3,0.0,0.0
,,,,,,,,,,,,,,,,,sft_2,,,,,,,,,,,,,,4,0.0,0,0,0.0,0.0,0,3,3,0.0,0.0
,,,,,,,,,,,,,,,,,sft_2,,,,,,,,,,,,,,6,0.0,3,0,0.0,0.0,0,3,3,0.0,0.0
,,,,,,,,,,,,,,,,,sft_3,,,,,,,,,,,,,,2,0.0,0,0,0.0,0.0,0,3,3,0.0,0.0
,,,,,,,,,,,,,,,,,sft_3,,,,,,,,,,,,,,4,0.0,3,0,0.0,0.0,0,3,3,0.0,0.0
,,,,,,,,,,,,,,,,,sft_3,,,,,,,,,,,,,,6,0.3333,1,0,0.6667,0.4286,0,3,3,0.3333,0.3333
